absolute_path,relate_path,output_class
/home/recondr/projects/ntrps_lab2/dataset/1/0000.txt,dataset/1/0000.txt,1
/home/recondr/projects/ntrps_lab2/dataset/1/0001.txt,dataset/1/0001.txt,1
/home/recondr/projects/ntrps_lab2/dataset/1/0002.txt,dataset/1/0002.txt,1
/home/recondr/projects/ntrps_lab2/dataset/1/0003.txt,dataset/1/0003.txt,1
/home/recondr/projects/ntrps_lab2/dataset/1/0004.txt,dataset/1/0004.txt,1
/home/recondr/projects/ntrps_lab2/dataset/1/0005.txt,dataset/1/0005.txt,1
/home/recondr/projects/ntrps_lab2/dataset/1/0006.txt,dataset/1/0006.txt,1
/home/recondr/projects/ntrps_lab2/dataset/1/0007.txt,dataset/1/0007.txt,1
/home/recondr/projects/ntrps_lab2/dataset/1/0008.txt,dataset/1/0008.txt,1
/home/recondr/projects/ntrps_lab2/dataset/1/0009.txt,dataset/1/0009.txt,1
/home/recondr/projects/ntrps_lab2/dataset/2/0000.txt,dataset/2/0000.txt,2
/home/recondr/projects/ntrps_lab2/dataset/2/0001.txt,dataset/2/0001.txt,2
/home/recondr/projects/ntrps_lab2/dataset/2/0002.txt,dataset/2/0002.txt,2
/home/recondr/projects/ntrps_lab2/dataset/2/0003.txt,dataset/2/0003.txt,2
/home/recondr/projects/ntrps_lab2/dataset/2/0004.txt,dataset/2/0004.txt,2
/home/recondr/projects/ntrps_lab2/dataset/2/0005.txt,dataset/2/0005.txt,2
/home/recondr/projects/ntrps_lab2/dataset/2/0006.txt,dataset/2/0006.txt,2
/home/recondr/projects/ntrps_lab2/dataset/2/0007.txt,dataset/2/0007.txt,2
/home/recondr/projects/ntrps_lab2/dataset/2/0008.txt,dataset/2/0008.txt,2
/home/recondr/projects/ntrps_lab2/dataset/2/0009.txt,dataset/2/0009.txt,2
/home/recondr/projects/ntrps_lab2/dataset/3/0000.txt,dataset/3/0000.txt,3
/home/recondr/projects/ntrps_lab2/dataset/3/0001.txt,dataset/3/0001.txt,3
/home/recondr/projects/ntrps_lab2/dataset/3/0002.txt,dataset/3/0002.txt,3
/home/recondr/projects/ntrps_lab2/dataset/3/0003.txt,dataset/3/0003.txt,3
/home/recondr/projects/ntrps_lab2/dataset/3/0004.txt,dataset/3/0004.txt,3
/home/recondr/projects/ntrps_lab2/dataset/3/0005.txt,dataset/3/0005.txt,3
/home/recondr/projects/ntrps_lab2/dataset/3/0006.txt,dataset/3/0006.txt,3
/home/recondr/projects/ntrps_lab2/dataset/3/0007.txt,dataset/3/0007.txt,3
/home/recondr/projects/ntrps_lab2/dataset/3/0008.txt,dataset/3/0008.txt,3
/home/recondr/projects/ntrps_lab2/dataset/3/0009.txt,dataset/3/0009.txt,3
/home/recondr/projects/ntrps_lab2/dataset/4/0000.txt,dataset/4/0000.txt,4
/home/recondr/projects/ntrps_lab2/dataset/4/0001.txt,dataset/4/0001.txt,4
/home/recondr/projects/ntrps_lab2/dataset/4/0002.txt,dataset/4/0002.txt,4
/home/recondr/projects/ntrps_lab2/dataset/4/0003.txt,dataset/4/0003.txt,4
/home/recondr/projects/ntrps_lab2/dataset/4/0004.txt,dataset/4/0004.txt,4
/home/recondr/projects/ntrps_lab2/dataset/4/0005.txt,dataset/4/0005.txt,4
/home/recondr/projects/ntrps_lab2/dataset/4/0006.txt,dataset/4/0006.txt,4
/home/recondr/projects/ntrps_lab2/dataset/4/0007.txt,dataset/4/0007.txt,4
/home/recondr/projects/ntrps_lab2/dataset/4/0008.txt,dataset/4/0008.txt,4
/home/recondr/projects/ntrps_lab2/dataset/4/0009.txt,dataset/4/0009.txt,4
/home/recondr/projects/ntrps_lab2/dataset/5/0000.txt,dataset/5/0000.txt,5
/home/recondr/projects/ntrps_lab2/dataset/5/0001.txt,dataset/5/0001.txt,5
/home/recondr/projects/ntrps_lab2/dataset/5/0002.txt,dataset/5/0002.txt,5
/home/recondr/projects/ntrps_lab2/dataset/5/0003.txt,dataset/5/0003.txt,5
/home/recondr/projects/ntrps_lab2/dataset/5/0004.txt,dataset/5/0004.txt,5
/home/recondr/projects/ntrps_lab2/dataset/5/0005.txt,dataset/5/0005.txt,5
/home/recondr/projects/ntrps_lab2/dataset/5/0006.txt,dataset/5/0006.txt,5
/home/recondr/projects/ntrps_lab2/dataset/5/0007.txt,dataset/5/0007.txt,5
/home/recondr/projects/ntrps_lab2/dataset/5/0008.txt,dataset/5/0008.txt,5
/home/recondr/projects/ntrps_lab2/dataset/5/0009.txt,dataset/5/0009.txt,5
